{
    "rmse": 0.671240893583379,
    "mae": 0.5326883225845831,
    "r2": 0.26012670927605697
}