{
    "rmse": 0.6943679018054395,
    "mae": 0.5567433464605163,
    "r2": 0.28063964332723934
}